-- phpMyAdmin SQL Dump
-- version 5.2.1
-- https://www.phpmyadmin.net/
--
-- Host: 127.0.0.1
-- Generation Time: Mar 06, 2025 at 07:45 PM
-- Server version: 10.4.32-MariaDB
-- PHP Version: 8.2.12

SET SQL_MODE = "NO_AUTO_VALUE_ON_ZERO";
START TRANSACTION;
SET time_zone = "+00:00";


/*!40101 SET @OLD_CHARACTER_SET_CLIENT=@@CHARACTER_SET_CLIENT */;
/*!40101 SET @OLD_CHARACTER_SET_RESULTS=@@CHARACTER_SET_RESULTS */;
/*!40101 SET @OLD_COLLATION_CONNECTION=@@COLLATION_CONNECTION */;
/*!40101 SET NAMES utf8mb4 */;

--
-- Database: `ecom`
--

-- --------------------------------------------------------

--
-- Table structure for table `admin_users`
--

CREATE TABLE `admin_users` (
  `id` int(11) NOT NULL,
  `username` varchar(255) NOT NULL,
  `password` varchar(255) NOT NULL,
  `role` int(11) NOT NULL,
  `email` varchar(50) NOT NULL,
  `mobile` varchar(50) NOT NULL,
  `status` int(11) NOT NULL
) ENGINE=InnoDB DEFAULT CHARSET=latin1 COLLATE=latin1_swedish_ci;

--
-- Dumping data for table `admin_users`
--

INSERT INTO `admin_users` (`id`, `username`, `password`, `role`, `email`, `mobile`, `status`) VALUES
(1, 'hardik', 'hardik', 1, 'hardikdodiya2410@gmail.com', '1234567890', 1),
(2, 'admin', 'admin', 0, '', '', 1),
(4, 'vinay', 'vinay', 1, 'vinay@gmail.com', '7285008403', 1),
(5, 'keval', 'keval', 1, 'kevaldodiya40@gmail.com', '8200500184', 1);

-- --------------------------------------------------------

--
-- Table structure for table `categories`
--

CREATE TABLE `categories` (
  `id` int(11) NOT NULL,
  `categories` varchar(255) NOT NULL,
  `status` tinyint(4) NOT NULL
) ENGINE=InnoDB DEFAULT CHARSET=latin1 COLLATE=latin1_swedish_ci;

--
-- Dumping data for table `categories`
--

INSERT INTO `categories` (`id`, `categories`, `status`) VALUES
(13, 'Women', 1),
(14, 'men', 1);

-- --------------------------------------------------------

--
-- Table structure for table `color_master`
--

CREATE TABLE `color_master` (
  `id` int(11) NOT NULL,
  `color` varchar(200) NOT NULL,
  `order_by` int(11) NOT NULL,
  `status` int(11) NOT NULL
) ENGINE=InnoDB DEFAULT CHARSET=utf8mb4 COLLATE=utf8mb4_general_ci;

--
-- Dumping data for table `color_master`
--

INSERT INTO `color_master` (`id`, `color`, `order_by`, `status`) VALUES
(1, 'red', 1, 1),
(2, 'black', 2, 1);

-- --------------------------------------------------------

--
-- Table structure for table `contact_us`
--

CREATE TABLE `contact_us` (
  `id` int(11) NOT NULL,
  `name` varchar(255) NOT NULL,
  `email` varchar(75) NOT NULL,
  `mobile` varchar(15) NOT NULL,
  `comment` text NOT NULL,
  `added_on` text NOT NULL
) ENGINE=InnoDB DEFAULT CHARSET=latin1 COLLATE=latin1_swedish_ci;

--
-- Dumping data for table `contact_us`
--

INSERT INTO `contact_us` (`id`, `name`, `email`, `mobile`, `comment`, `added_on`) VALUES
(12, 'HARDIK', 'hardikdodiya2410@gmail.com', '0728500840', 'hi my name hardik and this website is perfect for colth rent', '04-03-2025 10:21:38'),
(13, 'HARDIK', 'hardikdodiya2410@gmail.com', '0728500840', 'hi my name hardik and this website is perfect for colth rent', '04-03-2025 10:24:07'),
(14, 'HARDIK', 'hardikdodiya2410@gmail.com', '0728500840', 'hi may name is hardik ', '04-03-2025 10:27:45'),
(15, 'HARDIK', 'hardikdodiya2410@gmail.com', '0728500840', 'hi may name is hardik ', '04-03-2025 10:29:15'),
(16, 'hardik', 'hardikdodiya2410@gmail.com', '7285008403', 'this website is perfect ', '05-03-2025 12:46:10');

-- --------------------------------------------------------

--
-- Table structure for table `coupon_master`
--

CREATE TABLE `coupon_master` (
  `id` int(11) NOT NULL,
  `coupon_code` varchar(50) NOT NULL,
  `coupon_value` int(11) NOT NULL,
  `coupon_type` varchar(10) NOT NULL,
  `cart_min_value` int(11) NOT NULL,
  `status` int(11) NOT NULL
) ENGINE=InnoDB DEFAULT CHARSET=utf8mb4 COLLATE=utf8mb4_general_ci;

--
-- Dumping data for table `coupon_master`
--

INSERT INTO `coupon_master` (`id`, `coupon_code`, `coupon_value`, `coupon_type`, `cart_min_value`, `status`) VALUES
(1, 'first%5', 5, 'Percentage', 100, 1);

-- --------------------------------------------------------

--
-- Table structure for table `order`
--

CREATE TABLE `order` (
  `id` int(11) NOT NULL,
  `user_id` int(11) NOT NULL,
  `address` varchar(250) NOT NULL,
  `city` varchar(50) NOT NULL,
  `pincode` int(11) NOT NULL,
  `payment_type` varchar(20) NOT NULL,
  `total_price` float NOT NULL,
  `payment_status` varchar(20) NOT NULL,
  `order_status` int(11) NOT NULL,
  `length` float NOT NULL,
  `breadth` float NOT NULL,
  `height` float NOT NULL,
  `weight` float NOT NULL,
  `txnid` varchar(200) NOT NULL,
  `mihpayid` varchar(200) NOT NULL,
  `ship_order_id` int(11) NOT NULL,
  `ship_shipment_id` int(11) NOT NULL,
  `payu_status` varchar(10) NOT NULL,
  `added_on` datetime NOT NULL,
  `coupon_id` int(11) NOT NULL,
  `coupon_code` varchar(50) NOT NULL,
  `coupon_value` int(11) NOT NULL
) ENGINE=InnoDB DEFAULT CHARSET=latin1 COLLATE=latin1_swedish_ci;

-- --------------------------------------------------------

--
-- Table structure for table `order_detail`
--

CREATE TABLE `order_detail` (
  `id` int(11) NOT NULL,
  `order_id` int(11) NOT NULL,
  `product_id` int(11) NOT NULL,
  `product_attr_id` int(11) NOT NULL,
  `qty` int(11) NOT NULL,
  `price` float NOT NULL
) ENGINE=InnoDB DEFAULT CHARSET=latin1 COLLATE=latin1_swedish_ci;

-- --------------------------------------------------------

--
-- Table structure for table `order_status`
--

CREATE TABLE `order_status` (
  `id` int(11) NOT NULL,
  `name` varchar(32) NOT NULL
) ENGINE=MyISAM DEFAULT CHARSET=utf8 COLLATE=utf8_general_ci;

--
-- Dumping data for table `order_status`
--

INSERT INTO `order_status` (`id`, `name`) VALUES
(1, 'Pending'),
(2, 'Processing'),
(3, 'Shipped'),
(4, 'Canceled'),
(5, 'Complete');

-- --------------------------------------------------------

--
-- Table structure for table `product`
--

CREATE TABLE `product` (
  `id` int(11) NOT NULL,
  `categories_id` int(11) NOT NULL,
  `sub_categories_id` int(11) NOT NULL,
  `name` varchar(255) NOT NULL,
  `image` varchar(255) NOT NULL,
  `short_desc` varchar(2000) NOT NULL,
  `description` text NOT NULL,
  `best_seller` int(11) NOT NULL,
  `meta_title` varchar(2000) NOT NULL,
  `meta_desc` varchar(2000) NOT NULL,
  `meta_keyword` varchar(2000) NOT NULL,
  `status` tinyint(4) NOT NULL,
  `added_by` int(11) NOT NULL
) ENGINE=InnoDB DEFAULT CHARSET=latin1 COLLATE=latin1_swedish_ci;

--
-- Dumping data for table `product`
--

INSERT INTO `product` (`id`, `categories_id`, `sub_categories_id`, `name`, `image`, `short_desc`, `description`, `best_seller`, `meta_title`, `meta_desc`, `meta_keyword`, `status`, `added_by`) VALUES
(1, 14, 16, 'sherwani', '367020829_208606723_WhatsApp Image 2024-12-28 at 14.51.36_9bad0eb0.jpg', 'sd', 'd', 1, 'meta title', 'md', 'mk', 1, 2),
(2, 13, 13, 'bridal lehenga', '908821947_121184725_WhatsApp Image 2024-12-28 at 14.42.57_449eae6d.jpg', 'asdt', 'ewrg', 0, 'wer', 'sdfg', 'sdfg', 1, 2);

-- --------------------------------------------------------

--
-- Table structure for table `product_attributes`
--

CREATE TABLE `product_attributes` (
  `id` int(11) NOT NULL,
  `product_id` int(11) NOT NULL,
  `size_id` int(11) NOT NULL,
  `color_id` int(11) NOT NULL,
  `mrp` int(11) NOT NULL,
  `price` int(11) NOT NULL,
  `qty` int(11) NOT NULL
) ENGINE=InnoDB DEFAULT CHARSET=utf8mb4 COLLATE=utf8mb4_general_ci;

--
-- Dumping data for table `product_attributes`
--

INSERT INTO `product_attributes` (`id`, `product_id`, `size_id`, `color_id`, `mrp`, `price`, `qty`) VALUES
(1, 1, 1, 1, 100, 200, 5),
(2, 1, 2, 2, 200, 300, 6),
(3, 2, 3, 2, 100, 200, 2),
(4, 2, 4, 1, 200, 300, 5),
(5, 3, 1, 1, 100, 100, 1),
(6, 3, 2, 2, 200, 200, 1),
(7, 4, 2, 2, 1000, 1000, 0),
(8, 4, 3, 1, 100, 1000, 0),
(9, 5, 1, 2, 100, 100, 10);

-- --------------------------------------------------------

--
-- Table structure for table `product_images`
--

CREATE TABLE `product_images` (
  `id` int(11) NOT NULL,
  `product_id` int(11) NOT NULL,
  `product_images` varchar(250) NOT NULL
) ENGINE=InnoDB DEFAULT CHARSET=utf8mb4 COLLATE=utf8mb4_general_ci;

--
-- Dumping data for table `product_images`
--

INSERT INTO `product_images` (`id`, `product_id`, `product_images`) VALUES
(1, 1, '367020829_208606723_WhatsApp Image 2024-12-28 at 14.51.36_9bad0eb0.jpg'),
(2, 1, '889403741_frontier1.jpg'),
(3, 2, '908821947_121184725_WhatsApp Image 2024-12-28 at 14.42.57_449eae6d.jpg'),
(4, 3, '857974696_208606723_WhatsApp Image 2024-12-28 at 14.51.36_9bad0eb0.jpg'),
(5, 4, '910582773_ayshi3.jpeg'),
(6, 5, '410327213_ayshi1.jpeg');

-- --------------------------------------------------------

--
-- Table structure for table `product_review`
--

CREATE TABLE `product_review` (
  `id` int(11) NOT NULL,
  `product_id` int(11) NOT NULL,
  `user_id` int(11) NOT NULL,
  `rating` varchar(255) NOT NULL,
  `review` text NOT NULL,
  `status` int(11) NOT NULL,
  `added_on` datetime NOT NULL
) ENGINE=InnoDB DEFAULT CHARSET=utf8mb4 COLLATE=utf8mb4_general_ci;

-- --------------------------------------------------------

--
-- Table structure for table `shiprocket_token`
--

CREATE TABLE `shiprocket_token` (
  `id` int(11) NOT NULL,
  `token` varchar(500) NOT NULL,
  `added_on` timestamp NOT NULL DEFAULT current_timestamp() ON UPDATE current_timestamp()
) ENGINE=InnoDB DEFAULT CHARSET=utf8mb4 COLLATE=utf8mb4_general_ci;

--
-- Dumping data for table `shiprocket_token`
--

INSERT INTO `shiprocket_token` (`id`, `token`, `added_on`) VALUES
(1, 'eyJhbGciOiJIUzI1NiIsInR5cCI6IkpXVCJ9.eyJzdWIiOjU4NTg5NTMsInNvdXJjZSI6InNyLWF1dGgtaW50IiwiZXhwIjoxNzQxNDYxNzk4LCJqdGkiOiI5RXVZWFVjQUR5SFVINVlJIiwiaWF0IjoxNzQwNTk3Nzk4LCJpc3MiOiJodHRwczovL3NyLWF1dGguc2hpcHJvY2tldC5pbi9hdXRob3JpemUvdXNlciIsIm5iZiI6MTc0MDU5Nzc5OCwiY2lkIjo1NjQ4NTM1LCJ0YyI6MzYwLCJ2ZXJib3NlIjpmYWxzZSwidmVuZG9yX2lkIjowLCJ2ZW5kb3JfY29kZSI6IiJ9.ZOnnjDCN9aWGRre1yQpsW4Zw5hAH-Pl5bwTn4MgvWAk', '2025-02-27 07:23:16');

-- --------------------------------------------------------

--
-- Table structure for table `size_master`
--

CREATE TABLE `size_master` (
  `id` int(11) NOT NULL,
  `size` varchar(255) NOT NULL,
  `order_by` int(11) NOT NULL,
  `status` int(11) NOT NULL
) ENGINE=InnoDB DEFAULT CHARSET=utf8mb4 COLLATE=utf8mb4_general_ci;

--
-- Dumping data for table `size_master`
--

INSERT INTO `size_master` (`id`, `size`, `order_by`, `status`) VALUES
(1, 'S', 1, 1),
(2, 'M', 2, 1),
(3, 'X', 3, 1),
(4, 'Xl', 4, 1);

-- --------------------------------------------------------

--
-- Table structure for table `sub_categories`
--

CREATE TABLE `sub_categories` (
  `id` int(11) NOT NULL,
  `categories_id` int(11) NOT NULL,
  `sub_categories` varchar(100) NOT NULL,
  `status` int(11) NOT NULL
) ENGINE=InnoDB DEFAULT CHARSET=utf8mb4 COLLATE=utf8mb4_general_ci;

--
-- Dumping data for table `sub_categories`
--

INSERT INTO `sub_categories` (`id`, `categories_id`, `sub_categories`, `status`) VALUES
(9, 10, 'blazer', 1),
(10, 11, 'same-color', 1),
(11, 11, 'def-color', 1),
(12, 12, 'Leigha', 1),
(13, 13, 'Bridal-Lehenga', 1),
(14, 13, 'Designer-Lehenga', 1),
(15, 13, 'gown', 1),
(16, 14, 'sherwani', 1),
(17, 14, 'suit', 1),
(18, 14, 'blazer', 1),
(19, 14, 'tuxedo', 1),
(20, 15, 'Same-color', 1),
(21, 15, 'Different-color', 1);

-- --------------------------------------------------------

--
-- Table structure for table `users`
--

CREATE TABLE `users` (
  `id` int(11) NOT NULL,
  `name` varchar(255) NOT NULL,
  `password` varchar(50) NOT NULL,
  `email` varchar(50) NOT NULL,
  `mobile` varchar(10) NOT NULL,
  `added_on` datetime NOT NULL
) ENGINE=InnoDB DEFAULT CHARSET=latin1 COLLATE=latin1_swedish_ci;

-- --------------------------------------------------------

--
-- Table structure for table `wishlist`
--

CREATE TABLE `wishlist` (
  `id` int(11) NOT NULL,
  `user_id` int(11) NOT NULL,
  `product_id` int(11) NOT NULL,
  `added_on` datetime NOT NULL
) ENGINE=InnoDB DEFAULT CHARSET=utf8mb4 COLLATE=utf8mb4_general_ci;

--
-- Dumping data for table `wishlist`
--

INSERT INTO `wishlist` (`id`, `user_id`, `product_id`, `added_on`) VALUES
(112, 30, 2, '2025-03-03 12:20:41');

--
-- Indexes for dumped tables
--

--
-- Indexes for table `admin_users`
--
ALTER TABLE `admin_users`
  ADD PRIMARY KEY (`id`);

--
-- Indexes for table `categories`
--
ALTER TABLE `categories`
  ADD PRIMARY KEY (`id`);

--
-- Indexes for table `color_master`
--
ALTER TABLE `color_master`
  ADD PRIMARY KEY (`id`);

--
-- Indexes for table `contact_us`
--
ALTER TABLE `contact_us`
  ADD PRIMARY KEY (`id`);

--
-- Indexes for table `coupon_master`
--
ALTER TABLE `coupon_master`
  ADD PRIMARY KEY (`id`);

--
-- Indexes for table `order`
--
ALTER TABLE `order`
  ADD PRIMARY KEY (`id`);

--
-- Indexes for table `order_detail`
--
ALTER TABLE `order_detail`
  ADD PRIMARY KEY (`id`);

--
-- Indexes for table `product`
--
ALTER TABLE `product`
  ADD PRIMARY KEY (`id`);

--
-- Indexes for table `product_attributes`
--
ALTER TABLE `product_attributes`
  ADD PRIMARY KEY (`id`);

--
-- Indexes for table `product_images`
--
ALTER TABLE `product_images`
  ADD PRIMARY KEY (`id`);

--
-- Indexes for table `product_review`
--
ALTER TABLE `product_review`
  ADD PRIMARY KEY (`id`);

--
-- Indexes for table `shiprocket_token`
--
ALTER TABLE `shiprocket_token`
  ADD PRIMARY KEY (`id`);

--
-- Indexes for table `size_master`
--
ALTER TABLE `size_master`
  ADD PRIMARY KEY (`id`);

--
-- Indexes for table `sub_categories`
--
ALTER TABLE `sub_categories`
  ADD PRIMARY KEY (`id`);

--
-- Indexes for table `users`
--
ALTER TABLE `users`
  ADD PRIMARY KEY (`id`);

--
-- Indexes for table `wishlist`
--
ALTER TABLE `wishlist`
  ADD PRIMARY KEY (`id`);

--
-- AUTO_INCREMENT for dumped tables
--

--
-- AUTO_INCREMENT for table `admin_users`
--
ALTER TABLE `admin_users`
  MODIFY `id` int(11) NOT NULL AUTO_INCREMENT, AUTO_INCREMENT=6;

--
-- AUTO_INCREMENT for table `categories`
--
ALTER TABLE `categories`
  MODIFY `id` int(11) NOT NULL AUTO_INCREMENT, AUTO_INCREMENT=17;

--
-- AUTO_INCREMENT for table `color_master`
--
ALTER TABLE `color_master`
  MODIFY `id` int(11) NOT NULL AUTO_INCREMENT, AUTO_INCREMENT=3;

--
-- AUTO_INCREMENT for table `contact_us`
--
ALTER TABLE `contact_us`
  MODIFY `id` int(11) NOT NULL AUTO_INCREMENT, AUTO_INCREMENT=17;

--
-- AUTO_INCREMENT for table `coupon_master`
--
ALTER TABLE `coupon_master`
  MODIFY `id` int(11) NOT NULL AUTO_INCREMENT, AUTO_INCREMENT=3;

--
-- AUTO_INCREMENT for table `order`
--
ALTER TABLE `order`
  MODIFY `id` int(11) NOT NULL AUTO_INCREMENT;

--
-- AUTO_INCREMENT for table `order_detail`
--
ALTER TABLE `order_detail`
  MODIFY `id` int(11) NOT NULL AUTO_INCREMENT;

--
-- AUTO_INCREMENT for table `product`
--
ALTER TABLE `product`
  MODIFY `id` int(11) NOT NULL AUTO_INCREMENT, AUTO_INCREMENT=6;

--
-- AUTO_INCREMENT for table `product_attributes`
--
ALTER TABLE `product_attributes`
  MODIFY `id` int(11) NOT NULL AUTO_INCREMENT, AUTO_INCREMENT=10;

--
-- AUTO_INCREMENT for table `product_images`
--
ALTER TABLE `product_images`
  MODIFY `id` int(11) NOT NULL AUTO_INCREMENT, AUTO_INCREMENT=7;

--
-- AUTO_INCREMENT for table `product_review`
--
ALTER TABLE `product_review`
  MODIFY `id` int(11) NOT NULL AUTO_INCREMENT;

--
-- AUTO_INCREMENT for table `shiprocket_token`
--
ALTER TABLE `shiprocket_token`
  MODIFY `id` int(11) NOT NULL AUTO_INCREMENT, AUTO_INCREMENT=3;

--
-- AUTO_INCREMENT for table `size_master`
--
ALTER TABLE `size_master`
  MODIFY `id` int(11) NOT NULL AUTO_INCREMENT, AUTO_INCREMENT=5;

--
-- AUTO_INCREMENT for table `sub_categories`
--
ALTER TABLE `sub_categories`
  MODIFY `id` int(11) NOT NULL AUTO_INCREMENT, AUTO_INCREMENT=22;

--
-- AUTO_INCREMENT for table `users`
--
ALTER TABLE `users`
  MODIFY `id` int(11) NOT NULL AUTO_INCREMENT;

--
-- AUTO_INCREMENT for table `wishlist`
--
ALTER TABLE `wishlist`
  MODIFY `id` int(11) NOT NULL AUTO_INCREMENT, AUTO_INCREMENT=113;
COMMIT;

/*!40101 SET CHARACTER_SET_CLIENT=@OLD_CHARACTER_SET_CLIENT */;
/*!40101 SET CHARACTER_SET_RESULTS=@OLD_CHARACTER_SET_RESULTS */;
/*!40101 SET COLLATION_CONNECTION=@OLD_COLLATION_CONNECTION */;
